{"Pro_Key":"h4aX2JkHZNByQ4AV","Dp_Data":[{"attr":0,"code":"led_switch","desc":"","iconname":"icon-dp_power2","id":1,"mode":"rw","name":"开关","property":{"type":"bool"},"type":"obj"},{"attr":0,"code":"bright_value","desc":"","iconname":"icon-dp_light","id":3,"mode":"rw","name":"亮度","property":{"unit":"","min":25,"max":255,"scale":0,"step":1,"type":"value"},"type":"obj"},{"attr":0,"code":"countdown","desc":"\t","id":101,"mode":"rw","name":"开关倒计时","property":{"unit":"s","min":0,"max":86400,"scale":0,"step":1,"type":"value"},"type":"obj"}]}